,client,dst_ip,dst_port,epoch_time,label,protocol,received_bytes,sent_bytes,src_ip
0,3,8.8.8.8,53,1546370065,Malware,UDP,0,0,192.168.37.10
1,2,8.8.8.8,53,1546607964,Malware,UDP,0,0,192.168.186.37
2,2,10.200.105.201,53,1545917481,Malware,UDP,456,164,10.195.74.11
3,2,8.8.8.8,53,1545386094,Malware,UDP,0,70,192.168.143.103
4,3,192.168.98.222,80,1546243671,Malware,TCP,0,0,192.168.37.10
5,2,212.189.218.209,80,1545512693,Malware,TCP,415,1000,10.196.74.13
6,3,8.8.8.8,53,1546225614,Malware,UDP,0,0,192.168.37.10
7,2,10.200.105.202,53,1545902168,Malware,UDP,0,0,10.200.43.110
8,2,8.8.8.8,53,1547220546,Malware,UDP,0,0,192.168.172.53
9,2,10.200.105.201,53,1547054123,Malware,UDP,270,88,10.200.43.20
10,2,10.200.105.201,53,1546946869,Malware,UDP,102,105,10.195.142.74
11,2,10.200.105.201,53,1547115314,Malware,UDP,51,105,10.195.20.35
12,2,179.239.5.6,80,1546108838,Malware,TCP,1134,784,10.196.74.13
13,1,219.211.198.58,80,1547207524,Malware,TCP,120960,7112,200.75.192.252
14,2,10.200.105.201,53,1546963343,Malware,UDP,342,123,10.197.78.21
15,2,114.77.190.35,80,1547037560,Malware,TCP,0,0,192.168.178.74
16,2,10.200.105.202,53,1545662880,Malware,UDP,135,44,10.197.204.2
17,3,8.8.8.8,53,1546352009,Malware,UDP,0,896,192.168.37.10
18,2,10.200.105.201,53,1545919412,Malware,UDP,1140,410,10.197.207.249
19,2,10.200.105.202,53,1545646655,Malware,UDP,1214,396,10.197.208.14
20,2,8.8.8.8,53,1545656997,Malware,UDP,0,0,192.168.142.15
21,2,8.8.8.8,53,1546971156,Malware,UDP,234,74,192.168.200.106
22,2,58.59.105.78,80,1546436075,Malware,TCP,1144,8608,192.168.198.57
23,2,212.189.218.209,80,1545512693,Malware,TCP,0,0,10.196.74.13
24,2,10.200.105.200,53,1546108365,Malware,UDP,67,35,10.196.74.13
25,2,73.135.105.9,80,1546533205,Malware,TCP,1348,2076,10.200.44.150
26,2,10.200.105.200,53,1545855357,Malware,UDP,0,0,10.196.74.10
27,3,192.168.98.222,80,1546274361,Malware,TCP,0,0,192.168.37.10
28,2,8.8.8.8,53,1546423308,Malware,UDP,0,0,192.168.152.88
29,2,10.200.105.200,53,1545649667,Malware,UDP,91,62,10.196.86.21
30,2,10.200.105.200,53,1547027870,Malware,UDP,0,0,10.196.74.15
31,2,10.200.105.202,53,1545902237,Malware,UDP,0,0,10.200.43.110
32,2,10.200.105.201,53,1546434277,Malware,UDP,0,0,10.197.90.89
33,2,10.200.105.202,53,1546529446,Malware,UDP,222,76,10.196.152.56
34,2,10.200.105.202,53,1546934250,Malware,UDP,284,96,10.197.206.13
35,5,70.115.0.9,53,1545946667,Adware,UDP,0,381,10.0.11.13
36,2,8.8.8.8,53,1545383644,Malware,UDP,0,0,192.168.164.81
37,2,10.200.105.201,53,1545986040,Malware,UDP,295,107,10.197.202.6
38,2,10.200.105.201,53,1547050418,Malware,UDP,102,140,10.195.142.74
39,2,10.200.105.201,53,1547136241,Malware,UDP,0,0,10.197.80.43
40,2,8.8.8.8,53,1546881821,Malware,UDP,0,0,192.168.170.147
41,2,184.79.251.128,80,1545979445,Malware,TCP,0,0,192.168.191.243
42,2,8.8.8.8,53,1545402293,Malware,UDP,0,70,192.168.142.251
43,2,10.200.105.202,53,1545902538,Malware,UDP,0,0,10.200.43.110
44,2,173.99.238.81,80,1547219642,Malware,TCP,246,441,10.196.142.15
45,2,8.8.8.8,53,1545398640,Malware,UDP,236,152,192.168.144.48
46,5,70.115.0.9,53,1545859696,Adware,UDP,0,254,10.0.11.13
47,2,10.200.105.201,53,1546248148,Malware,UDP,0,0,10.197.204.60
48,1,200.75.192.250,80,1546622258,Malware,TCP,0,0,72.240.205.34
49,2,8.8.8.8,53,1546438680,Malware,UDP,228,82,192.168.142.110
50,2,204.134.112.241,80,1547296806,Malware,TCP,814,514,10.196.74.13
51,2,10.200.105.202,53,1545902487,Malware,UDP,0,0,10.200.43.110
52,2,10.200.105.202,53,1546009055,Malware,UDP,0,0,10.197.202.28
53,2,8.8.8.8,53,1546619842,Malware,UDP,0,0,192.168.186.53
54,5,70.115.0.9,53,1546954779,Malware,UDP,0,0,10.0.11.13
55,5,70.115.0.9,53,1545641854,Malware,UDP,0,0,10.0.11.7
56,5,70.115.0.9,53,1546266269,Adware,UDP,122,467,10.0.11.13
57,3,8.8.8.8,53,1546407379,Malware,UDP,0,896,192.168.37.10
58,2,8.8.8.8,53,1545899706,Malware,UDP,0,0,192.168.154.29
59,2,8.8.8.8,53,1547123486,Malware,UDP,124,248,192.168.182.239
60,2,10.200.105.201,53,1546954497,Malware,UDP,0,0,10.197.90.114
61,2,110.18.47.145,80,1545512627,Malware,TCP,2360,4432,10.196.74.13
62,2,10.200.105.200,53,1545512627,Malware,UDP,0,0,10.196.74.13
63,2,60.88.164.186,8040,1546883212,Malware,TCP,0,0,10.197.206.29
64,5,70.115.0.9,53,1546268515,Malware,UDP,0,0,10.0.11.13
65,2,10.200.105.201,53,1546953583,Malware,UDP,2884,1444,10.200.46.114
66,3,8.8.8.8,53,1546406176,Malware,UDP,0,0,192.168.37.10
67,2,10.200.105.201,53,1546946156,Malware,UDP,0,0,10.196.80.67
68,2,14.8.4.4,53,1546965677,Malware,UDP,0,0,192.168.152.102
69,2,40.201.191.165,80,1547210614,Malware,TCP,0,0,192.168.155.70
70,2,10.200.105.202,53,1545902598,Malware,UDP,0,0,10.200.43.110
71,2,222.58.204.12,80,1546618759,Malware,TCP,7328,6136,192.168.194.201
72,3,192.168.98.222,80,1546361639,Malware,TCP,0,0,192.168.37.10
73,5,70.115.0.9,53,1547218249,Malware,UDP,0,0,10.0.11.13
74,2,8.8.8.8,53,1546515065,Malware,UDP,0,0,192.168.182.42
75,2,149.204.181.113,80,1545622017,Malware,TCP,8496,5176,10.196.74.10
76,2,8.8.8.8,53,1546970673,Malware,UDP,254,80,192.168.176.138
77,2,10.200.105.201,53,1546968275,Malware,UDP,437,155,10.197.208.50
78,5,70.115.0.9,53,1545837438,Malware,UDP,0,0,10.0.11.13
79,2,10.200.105.201,53,1546855381,Malware,UDP,0,0,10.197.208.26
80,2,28.71.63.178,80,1546969275,Malware,TCP,490,743,10.197.90.198
81,2,212.189.218.209,80,1545512686,Malware,TCP,684,503,10.196.74.10
82,2,8.8.8.8,53,1546429085,Malware,UDP,0,0,192.168.168.57
83,2,219.105.49.212,80,1546954746,Malware,TCP,0,0,192.168.190.60
84,2,200.187.98.169,80,1547052713,Malware,TCP,0,0,10.200.44.53
85,2,8.8.8.8,53,1545911962,Malware,UDP,0,0,192.168.200.133
86,5,70.115.0.9,53,1546266270,Adware,UDP,0,370,10.0.11.7
87,2,8.8.8.8,53,1547113208,Malware,UDP,0,0,192.168.172.224
88,2,8.8.8.8,53,1545911897,Malware,UDP,208,144,192.168.200.133
89,2,8.8.8.8,53,1545661899,Malware,UDP,0,0,192.168.172.69
90,2,8.8.8.8,53,1545911897,Malware,UDP,0,0,192.168.200.133
91,2,114.77.190.35,80,1547222844,Malware,TCP,0,0,192.168.172.53
92,2,10.200.105.201,53,1546511332,Malware,UDP,945,396,10.200.43.20
93,2,10.200.105.201,53,1546005475,Malware,UDP,153,140,10.195.144.7
94,2,97.184.0.10,80,1545902154,Malware,TCP,0,0,10.200.43.110
95,2,8.8.8.8,53,1546968670,Malware,UDP,435,234,192.168.162.169
96,2,8.8.8.8,53,1547115748,Malware,UDP,343,96,192.168.162.215
97,2,60.169.245.138,80,1547210624,Malware,TCP,6208,8400,192.168.155.70
98,2,8.8.8.8,53,1547124029,Adware,UDP,0,0,192.168.198.32
99,5,70.115.0.9,53,1545837438,Malware,UDP,0,0,10.0.11.7
100,2,8.8.8.8,53,1547224468,Malware,UDP,0,0,192.168.170.158
101,2,97.184.0.10,80,1545911891,Malware,TCP,0,0,192.168.200.133
102,2,10.200.105.201,53,1546450207,Malware,UDP,270,88,10.200.43.20
103,2,10.200.105.202,53,1545655002,Malware,UDP,92,90,10.200.44.54
104,2,10.200.105.201,53,1546426075,Malware,UDP,333,152,10.197.88.20
105,2,8.8.8.8,53,1546527313,Malware,UDP,204,210,192.168.252.164
106,2,8.8.8.8,53,1545426060,Malware,UDP,98,66,192.168.151.229
107,2,8.8.8.8,53,1546550664,Malware,UDP,0,0,192.168.155.54
108,2,10.200.105.202,53,1545902297,Malware,UDP,0,0,10.200.43.110
109,2,40.231.9.114,80,1545428685,Malware,TCP,2720,559,10.196.74.13
110,2,8.8.8.8,53,1546511580,Malware,UDP,0,0,192.168.190.14
111,2,10.200.105.200,53,1545512677,Malware,UDP,65,33,10.196.74.10
112,5,70.115.0.9,53,1546981919,Adware,UDP,0,486,10.0.11.13
113,2,10.200.105.200,53,1546613857,Malware,UDP,51,70,10.196.86.57
114,2,8.8.8.8,53,1545398640,Malware,UDP,0,0,192.168.144.48
115,2,168.210.195.122,80,1546446605,Malware,TCP,1196,568,10.196.16.16
116,2,10.200.105.201,53,1546446660,Malware,UDP,51,35,10.196.16.18
117,2,8.8.8.8,53,1546617284,Malware,UDP,188,124,192.168.198.112
118,2,8.8.8.8,53,1546864900,Malware,UDP,0,0,192.168.182.65
119,2,8.8.8.8,53,1546862727,Malware,UDP,0,0,192.168.174.111
120,2,10.200.105.200,53,1546092528,Malware,UDP,0,0,10.196.74.10
121,2,8.8.8.8,53,1546946126,Malware,UDP,0,0,192.168.150.91
122,2,8.8.8.8,53,1546613865,Malware,UDP,0,0,192.168.190.59
123,2,40.241.253.240,80,1545402781,Malware,TCP,2528,1692,192.168.143.193
124,2,114.77.190.35,80,1546436074,Malware,TCP,0,0,192.168.198.57
125,2,10.200.105.201,53,1547200818,Malware,UDP,51,35,10.195.20.35
126,2,8.8.8.8,53,1546422445,Malware,UDP,0,0,192.168.200.10
127,2,10.200.105.202,53,1545902427,Malware,UDP,0,0,10.200.43.110
128,2,8.8.8.8,53,1546438680,Malware,UDP,222,76,192.168.142.110
129,3,192.168.98.222,80,1546172060,Malware,TCP,0,0,192.168.37.10
130,5,70.115.0.9,53,1547224216,Adware,UDP,0,878,10.0.11.13
131,2,10.200.105.201,53,1547022794,Malware,UDP,0,0,10.200.43.117
132,2,179.239.8.164,80,1545422231,Malware,TCP,1134,784,10.196.74.13
133,2,8.8.8.8,53,1546609119,Malware,UDP,1692,1240,192.168.176.5
134,2,10.200.105.201,53,1546430678,Malware,UDP,232,551,10.196.78.51
135,2,8.8.8.8,53,1546878871,Malware,UDP,102,70,192.168.252.164
136,5,70.115.0.9,53,1545932644,Malware,UDP,0,0,10.0.11.13
137,2,58.221.28.217,80,1545398990,Malware,TCP,1608,3484,192.168.170.43
138,2,10.200.105.202,53,1545902168,Malware,UDP,830,396,10.200.43.110
139,2,10.200.105.202,53,1545382801,Malware,UDP,0,0,10.197.208.46
140,5,10.0.11.22,29080,1545492412,Malware,TCP,0,0,191.220.70.162
141,2,10.200.105.201,53,1545919412,Malware,UDP,1110,380,10.197.207.249
142,2,114.77.190.35,80,1546436074,Malware,TCP,0,0,192.168.198.57
143,2,10.200.105.201,53,1547134444,Malware,UDP,0,68,10.196.144.11
144,3,192.168.98.222,80,1546202746,Malware,TCP,0,0,192.168.37.10
145,2,10.200.105.201,53,1546009055,Malware,UDP,0,0,10.197.202.28
146,5,70.115.0.9,53,1546518598,Malware,UDP,0,0,10.0.11.13
147,2,10.200.105.201,53,1547038280,Malware,UDP,0,0,10.197.204.47
148,2,8.8.8.8,53,1546971155,Malware,UDP,0,0,192.168.200.106
149,5,70.115.0.9,53,1545859697,Adware,UDP,0,254,10.0.11.7
150,5,70.115.0.9,53,1546872839,Adware,UDP,0,668,10.0.11.7
151,2,10.200.105.201,53,1547205893,Malware,UDP,222,152,10.197.206.33
152,2,8.8.8.8,53,1546677544,Malware,UDP,0,0,192.168.195.194
153,3,8.8.8.8,53,1546321307,Malware,UDP,0,840,192.168.37.10
154,3,192.168.98.222,80,1546352612,Malware,TCP,0,0,192.168.37.10
155,2,8.8.8.8,53,1546515065,Malware,UDP,0,88,192.168.182.42
156,2,191.177.230.5,80,1545389739,Malware,TCP,0,0,192.168.172.67
157,2,40.224.176.40,80,1547224468,Malware,TCP,0,0,192.168.170.158
158,2,8.8.8.8,53,1547047163,Malware,UDP,0,0,192.168.194.23
159,2,8.8.8.8,53,1547133846,Malware,UDP,0,0,192.168.182.41
160,2,10.200.105.201,53,1546854618,Malware,UDP,0,0,10.195.20.35
161,2,8.8.8.8,53,1546611446,Malware,UDP,0,0,192.168.180.70
162,2,10.200.105.200,53,1546262820,Malware,UDP,0,0,10.196.86.16
163,2,8.8.8.8,53,1545407380,Malware,UDP,0,0,192.168.170.35
164,2,10.200.105.200,53,1545663283,Malware,UDP,590,214,10.197.202.6
165,2,168.210.195.122,80,1546446660,Malware,TCP,299,142,10.196.16.18
166,2,10.200.105.201,53,1546440214,Malware,UDP,255,175,10.195.78.40
167,2,28.71.63.178,80,1547208966,Malware,TCP,1470,2396,10.197.88.25
168,2,8.8.8.8,53,1545911901,Malware,UDP,0,0,192.168.200.133
169,2,204.134.112.244,80,1546773292,Malware,TCP,794,478,192.168.171.248
170,2,8.8.8.8,53,1547140784,Malware,UDP,0,0,192.168.172.129
171,2,10.200.105.201,53,1546594071,Malware,UDP,51,35,10.195.20.41
172,2,10.200.105.202,53,1545902427,Malware,UDP,0,0,10.200.43.110
173,2,8.8.8.8,53,1547047163,Malware,UDP,96,64,192.168.194.23
174,2,8.8.8.8,53,1546426473,Adware,UDP,116,84,192.168.198.16
175,3,8.8.8.8,53,1546333949,Malware,UDP,0,0,192.168.37.10
176,3,192.168.98.222,80,1546468763,Malware,TCP,0,0,192.168.37.10
177,2,10.200.105.201,53,1546871216,Malware,UDP,0,0,10.197.80.48
178,2,179.239.8.164,80,1546109550,Malware,TCP,1134,786,10.196.74.13
179,2,8.8.8.8,53,1545910494,Malware,UDP,0,0,192.168.184.10
180,2,10.200.105.200,53,1546377098,Malware,UDP,0,0,10.196.74.13
181,2,10.200.105.201,53,1545987081,Malware,UDP,0,0,10.195.202.15
182,2,10.200.105.201,53,1546458359,Malware,UDP,0,0,10.197.206.12
183,2,10.200.105.201,53,1547063263,Malware,UDP,284,96,10.197.206.13
184,2,10.200.105.200,53,1546955633,Malware,UDP,103,68,10.196.88.86
185,2,8.8.8.8,53,1547118706,Malware,UDP,558,1116,192.168.154.167
186,3,8.8.8.8,53,1546234641,Malware,UDP,0,896,192.168.37.10
187,3,192.168.98.222,80,1546438070,Malware,TCP,0,0,192.168.37.10
188,2,10.200.105.200,53,1546956513,Malware,UDP,83,70,10.196.86.45
189,2,8.8.8.8,53,1546882314,Malware,UDP,0,0,192.168.170.147
190,3,8.8.8.8,53,1546152198,Malware,UDP,0,2856,192.168.37.10
191,2,10.200.105.201,53,1547216226,Malware,UDP,91,31,10.195.254.15
192,2,10.200.105.200,53,1545657248,Malware,UDP,0,0,10.195.18.23
193,5,106.20.0.247,80,1546547144,Malware,TCP,0,0,10.0.11.86
194,2,8.8.8.8,53,1546941650,Malware,UDP,0,0,192.168.162.164
195,2,10.200.105.202,53,1545400608,Adware,UDP,0,0,10.195.144.8
196,2,8.8.8.8,53,1547197345,Malware,UDP,238,198,192.168.192.50
197,2,10.200.105.202,53,1546588044,Malware,UDP,0,0,10.197.206.12
198,2,8.8.8.8,53,1546938294,Malware,UDP,0,0,192.168.194.225
199,2,10.200.105.201,53,1547205893,Malware,UDP,114,123,10.197.206.33
200,2,211.185.208.80,80,1546020341,Malware,TCP,39714816,1336,192.168.200.133
201,2,168.144.180.33,80,1545655003,Malware,TCP,11104,5080,10.200.44.54
202,2,11.79.68.108,80,1546878872,Malware,TCP,804,1044,192.168.252.164
203,2,8.8.8.8,53,1546436074,Malware,UDP,0,0,192.168.198.57
204,2,8.8.8.8,53,1547037560,Malware,UDP,0,0,192.168.178.74
205,2,8.8.8.8,53,1546951164,Malware,UDP,0,0,192.168.146.63
206,2,8.8.8.8,53,1546957814,Malware,UDP,0,0,192.168.164.203
207,2,8.8.8.8,53,1547203040,Adware,UDP,0,0,192.168.190.131
208,2,8.8.8.8,53,1546436074,Malware,UDP,0,0,192.168.198.57
209,2,10.200.105.201,53,1546934256,Malware,UDP,295,107,10.197.202.6
210,2,10.200.105.202,53,1545902658,Malware,UDP,0,0,10.200.43.110
211,2,10.200.105.202,53,1546438905,Malware,UDP,46,30,10.196.142.19
212,2,10.200.105.201,53,1546443241,Malware,UDP,102,105,10.195.144.25
213,2,8.8.8.8,53,1547124034,Adware,UDP,0,0,192.168.198.32
214,2,10.200.105.201,53,1546945747,Malware,UDP,0,0,10.196.144.38
215,2,97.184.0.10,80,1545911891,Malware,TCP,8552448,23264,192.168.200.133
216,2,10.200.105.202,53,1546617498,Malware,UDP,0,107,10.197.208.7
217,2,10.200.105.202,53,1545902367,Malware,UDP,0,0,10.200.43.110
218,3,8.8.8.8,53,1546244272,Malware,UDP,0,2856,192.168.37.10
219,2,10.200.105.202,53,1545902357,Malware,UDP,0,0,10.200.43.110
220,2,51.33.90.169,80,1547118244,Malware,TCP,792,4012,192.168.142.170
221,3,8.8.8.8,53,1546442285,Malware,UDP,0,0,192.168.37.10
222,2,10.200.105.201,53,1546954498,Malware,UDP,0,0,10.197.90.114
223,2,204.134.112.243,80,1546865418,Malware,TCP,0,0,192.168.172.38
224,2,58.211.100.111,80,1545908513,Malware,TCP,4384,1784,192.168.170.40
225,3,192.168.98.222,80,1546234642,Malware,TCP,0,0,192.168.37.10
226,2,8.8.8.8,53,1546865416,Malware,UDP,0,36,192.168.172.38
227,5,10.0.11.22,29080,1545492494,Malware,TCP,0,0,88.102.21.215
228,2,8.8.8.8,53,1546541437,Malware,UDP,0,0,192.168.182.45
229,2,10.200.105.201,53,1546523061,Malware,UDP,153,105,10.195.144.23
230,2,8.8.8.8,53,1545909631,Malware,UDP,0,0,192.168.174.57
231,2,8.8.8.8,53,1546969512,Malware,UDP,124,60,192.168.186.13
232,2,10.200.105.200,53,1546615421,Malware,UDP,153,59,10.195.20.58
233,2,40.224.176.40,80,1547224468,Malware,TCP,0,0,192.168.170.158
234,2,8.8.8.8,53,1546422445,Malware,UDP,0,0,192.168.200.10
235,2,10.200.105.202,53,1545402306,Malware,UDP,1072,404,10.197.207.253
236,2,8.8.8.8,53,1546505291,Malware,UDP,0,0,192.168.162.64
237,2,97.184.0.10,80,1545911891,Malware,TCP,0,0,192.168.200.133
238,2,10.200.105.202,53,1545902237,Malware,UDP,0,0,10.200.43.110
239,2,10.200.105.202,53,1546620587,Malware,UDP,0,0,10.197.204.34
240,2,8.8.8.8,53,1546425183,Malware,UDP,0,0,192.168.198.72
241,3,8.8.8.8,53,1546438671,Malware,UDP,0,336,192.168.37.10
242,2,10.200.105.201,53,1546941716,Malware,UDP,0,0,10.195.20.35
243,2,10.200.105.201,53,1546950415,Malware,UDP,114,41,10.197.206.33
244,2,114.77.190.35,80,1547222844,Malware,TCP,0,0,192.168.172.53
245,2,8.8.8.8,53,1547210614,Malware,UDP,0,0,192.168.155.70
246,3,8.8.8.8,53,1546189511,Malware,UDP,0,0,192.168.37.10
247,2,8.8.8.8,53,1547125447,Malware,UDP,0,0,192.168.186.44
248,2,204.134.112.244,80,1547127954,Malware,TCP,1600,974,192.168.146.115
249,2,10.200.105.201,53,1547123451,Malware,UDP,0,105,10.195.142.74
250,2,10.200.105.201,53,1546531281,Malware,UDP,333,114,10.197.206.32
251,5,29.211.100.157,80,1546465539,Malware,TCP,0,0,10.0.11.73
252,2,10.200.105.200,53,1547138073,Malware,UDP,590,332,10.197.208.50
253,2,10.200.105.201,53,1546506037,Malware,UDP,102,175,10.195.20.41
254,5,70.115.0.9,53,1546981918,Adware,UDP,0,602,10.0.11.7
255,2,200.213.114.181,80,1547199423,Malware,TCP,8512,996,192.168.198.83
256,2,8.8.8.8,53,1547197752,Malware,UDP,0,0,192.168.200.48
257,2,109.79.187.28,8899,1546265341,Malware,TCP,372,1490,10.197.204.2
258,2,10.200.105.201,53,1546525500,Malware,UDP,0,0,10.197.78.35
259,5,214.88.55.205,80,1545421558,Malware,TCP,0,0,10.0.11.112
260,2,10.200.105.201,53,1547193936,Malware,UDP,0,0,10.197.202.6
261,2,60.88.164.186,8040,1546618026,Malware,TCP,0,0,10.197.206.55
262,2,184.79.251.128,80,1545991138,Malware,TCP,0,0,192.168.183.254
263,2,10.200.105.201,53,1547055134,Malware,UDP,102,70,10.195.144.24
264,2,8.8.8.8,53,1545911958,Malware,UDP,0,0,192.168.200.133
265,2,8.8.8.8,53,1546860679,Malware,UDP,0,0,192.168.145.72
266,3,192.168.98.222,80,1546447100,Malware,TCP,0,0,192.168.37.10
267,2,58.211.100.111,80,1547220545,Malware,TCP,0,0,192.168.172.53
268,2,8.8.8.8,53,1545402781,Malware,UDP,210,168,192.168.143.193
269,3,8.8.8.8,53,1546297232,Malware,UDP,0,168,192.168.37.10
270,2,40.224.145.202,80,1546548746,Malware,TCP,2740,960,10.196.74.10
271,2,8.8.8.8,53,1545404649,Malware,UDP,0,0,192.168.176.173
272,2,10.200.105.202,53,1545400190,Adware,UDP,58,42,10.195.144.8
273,2,10.200.105.202,53,1545902297,Malware,UDP,0,0,10.200.43.110
274,5,70.115.0.9,53,1546541068,Malware,UDP,0,0,10.0.11.13
275,2,70.185.181.238,80,1547197535,Malware,TCP,7272,3680,192.168.143.13
276,2,8.8.8.8,53,1546441495,Malware,UDP,0,0,192.168.162.159
277,5,40.232.110.131,80,1546518598,Malware,TCP,0,0,10.0.11.142
278,2,10.200.105.201,53,1546501651,Malware,UDP,142,96,10.197.206.12
279,2,10.200.105.201,53,1546449371,Malware,UDP,0,0,10.196.150.28
280,3,8.8.8.8,53,1546361638,Malware,UDP,0,1960,192.168.37.10
281,2,10.200.105.202,53,1545987116,Malware,UDP,0,0,10.195.202.15
282,2,8.8.8.8,53,1546881032,Malware,UDP,282,248,192.168.198.76
283,5,70.115.0.9,53,1547141974,Malware,UDP,0,0,10.0.11.13
284,2,10.200.105.200,53,1546109550,Malware,UDP,75,54,10.196.74.13
285,2,8.8.8.8,53,1547024868,Malware,UDP,0,0,192.168.155.151
286,2,8.8.8.8,53,1547222844,Malware,UDP,0,0,192.168.172.53
287,2,204.134.112.242,80,1545658785,Malware,TCP,678,462,192.168.166.98
288,2,10.200.105.201,53,1545921214,Adware,UDP,0,0,10.200.47.100
289,2,8.8.8.8,53,1545923243,Malware,UDP,127,40,192.168.172.61
290,3,192.168.98.222,80,1546494649,Malware,TCP,0,0,192.168.37.10
291,2,10.200.105.201,53,1546532722,Malware,UDP,188,92,10.195.80.15
292,2,10.200.105.201,53,1546426494,Malware,UDP,408,315,10.195.144.23
293,2,60.169.89.182,80,1547127390,Malware,TCP,826,1410,192.168.176.189
294,2,10.200.105.201,53,1546953583,Malware,UDP,3304,1394,10.200.46.114
295,2,8.8.8.8,53,1545391859,Malware,UDP,0,0,192.168.194.194
296,2,10.200.105.202,53,1546511567,Malware,UDP,0,0,10.195.142.17
297,2,114.77.190.35,80,1546872156,Malware,TCP,0,0,192.168.146.42
298,5,70.115.0.9,53,1547141978,Malware,UDP,0,0,10.0.11.13
299,5,70.115.0.9,53,1547042130,Adware,UDP,0,635,10.0.11.7
300,2,8.8.8.8,53,1545911897,Malware,UDP,0,0,192.168.200.133
301,2,10.200.105.201,53,1546531455,Malware,UDP,204,245,10.195.78.40
302,2,10.200.105.202,53,1545902538,Malware,UDP,0,0,10.200.43.110
303,2,10.200.105.201,53,1547040854,Malware,UDP,0,0,10.195.142.72
304,2,73.219.149.66,80,1547137579,Malware,TCP,0,1282,192.168.152.205
305,2,10.200.105.202,53,1545902357,Malware,UDP,0,0,10.200.43.110
306,2,10.200.105.201,53,1547047345,Malware,UDP,0,0,10.197.206.83
307,2,93.248.214.84,80,1545990501,Malware,TCP,0,0,192.168.190.15
308,2,8.8.8.8,53,1546515072,Malware,UDP,0,0,192.168.182.42
309,2,114.77.190.35,80,1546865019,Malware,TCP,0,0,192.168.182.65
310,2,8.8.8.8,53,1546011135,Malware,UDP,0,0,192.168.200.133
311,2,10.200.105.200,53,1546188398,Malware,UDP,0,0,10.196.74.10
312,5,70.115.0.9,53,1545932651,Malware,UDP,0,0,10.0.11.13
313,2,10.200.105.200,53,1546955634,Malware,UDP,0,0,10.196.88.86
314,2,40.241.253.240,80,1545402781,Malware,TCP,0,0,192.168.143.193
315,2,10.200.105.200,53,1546262819,Malware,UDP,0,0,10.196.86.16
316,5,10.0.11.22,29080,1547293609,Malware,TCP,0,0,72.203.212.222
317,2,40.201.191.165,80,1547210614,Malware,TCP,0,0,192.168.155.70
318,2,8.8.8.8,53,1547220545,Malware,UDP,0,0,192.168.172.53
319,2,8.8.8.8,53,1546620394,Malware,UDP,228,68,192.168.148.50
320,2,110.18.47.145,80,1545512677,Malware,TCP,2356,4092,10.196.74.10
321,2,10.200.105.201,53,1546509583,Malware,UDP,675,220,10.197.208.13
322,3,8.8.8.8,53,1546478390,Malware,UDP,0,0,192.168.37.10
323,2,8.8.8.8,53,1546190658,Malware,UDP,0,0,192.168.171.249
324,2,222.58.204.12,80,1546618790,Malware,TCP,2644,4320,192.168.194.201
325,2,40.224.145.202,80,1546176303,Malware,TCP,2720,555,10.196.74.13
326,3,8.8.8.8,53,1546504433,Malware,UDP,0,952,192.168.37.10
327,2,8.8.8.8,53,1547025593,Malware,UDP,0,0,192.168.188.30
328,2,114.77.190.35,80,1547133892,Malware,TCP,604,970,192.168.182.41
329,3,8.8.8.8,53,1546205152,Malware,UDP,0,728,192.168.37.10
330,5,60.85.71.135,80,1546449935,Malware,TCP,0,0,10.0.11.67
331,2,14.8.4.4,53,1547118615,Malware,UDP,124,248,192.168.154.163
332,2,8.8.8.8,53,1545911183,Malware,UDP,0,0,192.168.180.43
333,2,8.8.8.8,53,1546613832,Malware,UDP,0,144,192.168.192.135
334,2,110.20.209.59,80,1546011135,Malware,TCP,0,0,192.168.200.133
335,2,222.58.212.65,80,1547022794,Malware,TCP,21728,978,10.200.43.117
336,2,70.185.181.238,80,1546514641,Malware,TCP,0,0,192.168.144.91
337,2,10.200.105.201,53,1546531281,Malware,UDP,228,82,10.197.206.32
338,2,212.189.218.209,80,1545512685,Malware,TCP,415,997,10.196.74.10
339,3,8.8.8.8,53,1546297835,Malware,UDP,0,0,192.168.37.10
340,1,200.75.192.252,80,1546083264,Malware,TCP,0,0,95.238.154.247
341,3,192.168.98.222,80,1546383303,Malware,TCP,0,0,192.168.37.10
342,2,8.8.8.8,53,1545395086,Malware,UDP,0,0,192.168.194.46
343,2,10.200.105.200,53,1546947925,Malware,UDP,0,0,10.196.74.15
344,2,8.8.8.8,53,1547114486,Adware,UDP,0,0,192.168.182.42
345,2,8.8.8.8,53,1547026666,Malware,UDP,0,0,192.168.176.233
346,2,194.72.202.124,80,1545407755,Malware,TCP,576,1056,10.197.206.117
347,2,10.200.105.201,53,1546426075,Malware,UDP,228,164,10.197.88.20
348,2,8.8.8.8,53,1545911958,Malware,UDP,0,0,192.168.200.133
349,5,70.115.0.9,53,1546518597,Malware,UDP,0,0,10.0.11.13
350,2,10.200.105.202,53,1545400194,Adware,UDP,0,0,10.195.144.8
351,2,10.200.105.201,53,1545911742,Malware,UDP,0,0,10.195.144.7
352,2,8.8.8.8,53,1545908513,Malware,UDP,0,0,192.168.170.40
353,2,8.8.8.8,53,1546966199,Malware,UDP,0,0,192.168.144.149
354,2,8.8.8.8,53,1546515065,Malware,UDP,0,0,192.168.182.42
355,2,10.200.105.202,53,1546506893,Malware,UDP,142,48,10.197.208.7
356,2,8.8.8.8,53,1546947781,Malware,UDP,0,74,192.168.146.74
357,2,114.77.190.35,80,1546436074,Malware,TCP,1410,10880,192.168.198.57
358,2,10.200.105.202,53,1546009055,Malware,UDP,0,0,10.197.202.28
359,1,200.75.192.252,80,1547278955,Malware,TCP,0,0,72.240.205.34
360,2,10.200.105.200,53,1545400193,Adware,UDP,0,0,10.195.144.8
361,5,70.115.0.9,53,1546518598,Malware,UDP,0,0,10.0.11.13
362,2,10.200.105.201,53,1546253610,Adware,UDP,0,0,10.200.47.100
363,2,8.8.8.8,53,1547128607,Malware,UDP,0,0,192.168.154.123
364,2,10.200.105.200,53,1545649667,Malware,UDP,0,0,10.196.86.21
365,5,70.115.0.9,53,1546264619,Malware,UDP,0,0,10.0.11.13
366,2,10.200.105.201,53,1546605376,Malware,UDP,0,70,10.195.144.23
367,2,10.200.105.202,53,1546511480,Malware,UDP,103,34,10.195.142.17
368,2,10.200.105.201,53,1546000145,Malware,UDP,0,0,10.200.44.145
369,2,114.168.157.141,80,1546381515,Malware,TCP,12928,5344,10.196.74.13
370,5,70.115.0.9,53,1545834311,Malware,UDP,0,0,10.0.11.13
371,2,10.200.105.201,53,1546449371,Malware,UDP,0,0,10.196.150.28
372,2,8.8.8.8,53,1547222843,Malware,UDP,0,0,192.168.172.53
373,5,70.115.0.9,53,1546868564,Malware,UDP,0,0,10.0.11.13
374,2,8.8.8.8,53,1547123913,Adware,UDP,0,0,192.168.198.32
375,2,8.8.8.8,53,1546948535,Malware,UDP,228,68,192.168.138.37
376,2,10.200.105.201,53,1547023935,Malware,UDP,0,0,10.197.80.7
377,2,179.239.5.6,80,1545422121,Malware,TCP,1136,786,10.196.74.13
378,2,10.200.105.201,53,1547127099,Malware,UDP,0,0,10.200.44.53
379,2,8.8.8.8,53,1546946127,Malware,UDP,0,0,192.168.150.91
380,3,8.8.8.8,53,1546494647,Malware,UDP,0,896,192.168.37.10
381,2,10.200.105.200,53,1545836994,Malware,UDP,0,0,10.196.74.13
382,2,8.8.8.8,53,1547119127,Malware,UDP,124,186,192.168.174.158
383,2,8.8.8.8,53,1546980258,Malware,UDP,254,80,192.168.155.111
384,2,194.72.202.102,80,1546509830,Malware,TCP,1168,969,10.196.86.120
385,2,8.8.8.8,53,1547140785,Malware,UDP,117,37,192.168.172.129
386,2,211.185.208.80,80,1546017443,Malware,TCP,3637248,9712,192.168.200.133
387,2,8.8.8.8,53,1547124089,Adware,UDP,100,68,192.168.198.32
388,2,10.200.105.201,53,1545987116,Malware,UDP,91,62,10.195.202.15
389,2,8.8.8.8,53,1547225310,Malware,UDP,0,0,192.168.162.169
390,5,70.115.0.9,53,1547241574,Malware,UDP,0,0,10.0.11.13
391,2,8.8.8.8,53,1547210614,Malware,UDP,0,0,192.168.155.70
392,2,8.8.8.8,53,1546613832,Malware,UDP,234,74,192.168.192.135
393,5,24.215.90.210,80,1546871351,Malware,TCP,0,0,10.0.11.152
394,2,110.31.83.194,80,1545666869,Malware,TCP,4856,1470,192.168.190.21
395,2,58.216.129.114,80,1546513136,Malware,TCP,16672,1554,192.168.146.89
396,2,8.8.8.8,53,1546944926,Malware,UDP,0,0,192.168.192.156
397,1,200.75.192.252,80,1545786035,Malware,TCP,0,3128,125.23.18.143
398,2,110.27.107.38,80,1545402074,Malware,TCP,36736,453,10.196.224.141
399,2,14.8.4.4,53,1547056466,Malware,UDP,0,0,192.168.162.113
400,2,60.175.205.207,80,1546243683,Malware,TCP,555,1188,10.196.150.46
401,2,10.200.105.200,53,1545513820,Malware,UDP,762,315,10.196.74.13
402,2,10.200.105.201,53,1546533205,Malware,UDP,159,88,10.200.44.150
403,2,8.8.8.8,53,1547124032,Adware,UDP,0,192,192.168.198.32
404,2,8.8.8.8,53,1547037560,Malware,UDP,0,0,192.168.178.74
405,2,8.8.8.8,53,1546952095,Malware,UDP,236,76,192.168.157.100
406,2,114.77.190.35,80,1546872156,Malware,TCP,0,0,192.168.146.42
407,2,8.8.8.8,53,1545911962,Malware,UDP,0,0,192.168.200.133
408,2,10.200.105.202,53,1545902246,Malware,UDP,0,0,10.200.43.110
409,2,10.200.105.202,53,1546529446,Malware,UDP,228,82,10.196.152.56
410,2,10.200.105.202,53,1545396494,Malware,UDP,0,0,10.197.208.98
411,2,8.8.8.8,53,1547220542,Malware,UDP,0,0,192.168.172.53
412,2,8.8.8.8,53,1547224468,Malware,UDP,100,36,192.168.170.158
413,5,70.115.0.9,53,1547149557,Malware,UDP,0,0,10.0.11.13
414,2,10.196.71.130,9100,1547120437,Malware,TCP,0,19616,10.200.105.53
415,2,10.200.105.201,53,1545983426,Malware,UDP,284,144,10.197.206.12
416,2,10.200.105.200,53,1545396552,Malware,UDP,94,46,10.197.78.97
417,2,114.77.190.35,80,1546865019,Malware,TCP,0,2136,192.168.182.65
418,2,97.184.0.10,80,1545902154,Malware,TCP,537600,4592,10.200.43.110
419,2,10.200.105.200,53,1547025677,Malware,UDP,743,487,10.197.208.50
420,2,40.197.32.70,80,1546181917,Malware,TCP,1490,539,10.196.74.10
421,2,110.237.145.10,80,1545855357,Malware,TCP,404,541,10.196.74.10
422,2,10.200.105.201,53,1546968776,Malware,UDP,135,88,10.200.43.20
423,2,8.8.8.8,53,1546505291,Malware,UDP,0,0,192.168.162.64
424,2,8.8.8.8,53,1546864045,Malware,UDP,0,0,192.168.164.1
425,2,8.8.8.8,53,1547136078,Malware,UDP,0,0,192.168.178.48
426,2,8.8.8.8,53,1546428695,Malware,UDP,1332,760,192.168.200.57
427,2,93.248.214.84,80,1546001657,Malware,TCP,0,0,192.168.138.10
428,2,10.200.105.201,53,1547137804,Malware,UDP,0,0,10.197.88.15
429,2,10.200.105.201,53,1546009055,Malware,UDP,0,0,10.197.202.28
430,2,10.200.105.201,53,1546526134,Malware,UDP,0,0,10.196.80.77
431,2,10.200.105.202,53,1545902168,Malware,UDP,0,0,10.200.43.110
432,5,70.115.0.9,53,1546541362,Malware,UDP,0,0,10.0.11.13
433,2,8.8.8.8,53,1547121940,Malware,UDP,0,248,192.168.174.221
434,2,8.8.8.8,53,1547124093,Adware,UDP,106,74,192.168.198.32
435,2,10.200.105.201,53,1546620290,Malware,UDP,405,132,10.197.208.13
436,2,8.8.8.8,53,1546515065,Malware,UDP,0,0,192.168.182.42
437,2,211.185.208.80,80,1546020364,Malware,TCP,0,0,192.168.200.133
438,2,218.32.252.66,80,1546439271,Malware,TCP,513,1136,10.196.84.7
439,2,10.200.105.201,53,1546512726,Malware,UDP,0,0,10.197.90.125
440,2,10.200.105.200,53,1545402306,Malware,UDP,140,44,10.197.207.253
441,2,10.200.105.200,53,1546108838,Malware,UDP,150,108,10.196.74.13
442,2,204.46.87.247,80,1547255408,Malware,TCP,1667072,1630208,192.168.197.178
443,2,10.200.105.201,53,1546446110,Malware,UDP,0,0,10.197.208.13
444,2,70.185.181.238,80,1545384591,Malware,TCP,0,0,192.168.150.79
445,2,10.200.105.201,53,1546848416,Malware,UDP,0,0,10.197.202.6
446,2,10.200.105.202,53,1545902180,Malware,UDP,0,0,10.200.43.110
447,1,8.8.8.8,53,1545390993,Malware,UDP,0,0,200.75.192.252
448,2,10.200.105.201,53,1546422593,Malware,UDP,102,175,10.195.20.41
449,2,97.184.0.10,80,1545902154,Malware,TCP,0,0,10.200.43.110
450,2,19.32.66.61,80,1545395097,Malware,TCP,22528,770,10.197.208.14
451,2,10.200.105.202,53,1545902487,Malware,UDP,0,0,10.200.43.110
452,2,10.200.105.202,53,1545902175,Malware,UDP,0,0,10.195.208.5
453,2,24.196.83.205,80,1546443926,Malware,TCP,1240,672,192.168.190.61
454,2,114.77.190.35,80,1547037560,Malware,TCP,0,0,192.168.178.74
455,3,8.8.8.8,53,1546464551,Malware,UDP,0,784,192.168.37.10
456,2,10.200.105.200,53,1546947925,Malware,UDP,0,0,10.196.74.15
457,2,8.8.8.8,53,1546505291,Malware,UDP,0,0,192.168.162.64
458,2,10.200.105.201,53,1546950389,Malware,UDP,111,152,10.197.206.33
459,2,10.200.105.202,53,1545902658,Malware,UDP,0,0,10.200.43.110
460,2,114.77.190.35,80,1546865019,Malware,TCP,0,0,192.168.182.65
461,2,10.200.105.200,53,1546984385,Malware,UDP,0,0,10.201.45.78
462,2,10.200.105.202,53,1545902598,Malware,UDP,0,0,10.200.43.110
463,1,219.211.198.58,80,1547207529,Malware,TCP,0,0,200.75.192.252
464,2,10.200.105.201,53,1547209374,Malware,UDP,270,88,10.200.43.20
465,2,8.8.8.8,53,1546444068,Malware,UDP,254,80,192.168.200.24
466,2,10.200.105.201,53,1545917481,Malware,UDP,444,152,10.195.74.11
467,5,70.115.0.9,53,1547041567,Malware,UDP,0,0,10.0.11.13
468,2,8.8.8.8,53,1546863460,Malware,UDP,0,0,192.168.156.91
469,3,192.168.98.222,80,1546296029,Malware,TCP,0,0,192.168.37.10
470,2,8.8.8.8,53,1546796077,Malware,UDP,0,0,192.168.179.227
471,2,8.8.8.8,53,1546864045,Malware,UDP,0,0,192.168.164.1
472,2,10.200.105.201,53,1547027235,Malware,UDP,102,210,10.195.20.35
473,2,222.58.206.76,80,1546536480,Malware,TCP,0,0,192.168.194.112
474,2,184.79.251.0,80,1546007832,Malware,TCP,0,0,192.168.154.12
475,5,70.115.0.9,53,1547131932,Malware,UDP,0,0,10.0.11.13
476,2,10.200.105.202,53,1545407200,Malware,UDP,405,132,10.197.208.14
477,5,106.20.0.247,80,1546547144,Malware,TCP,0,0,10.0.11.86
478,1,200.75.192.252,80,1545938882,Malware,TCP,0,0,72.240.205.34
479,2,8.8.8.8,53,1546428695,Malware,UDP,2736,1066,192.168.200.57
480,3,8.8.8.8,53,1546275563,Malware,UDP,0,2016,192.168.37.10
481,5,70.115.0.9,53,1547042129,Adware,UDP,0,613,10.0.11.13
482,2,10.200.105.200,53,1545422121,Malware,UDP,75,54,10.196.74.13
483,2,8.8.8.8,53,1545934231,Malware,UDP,254,80,192.168.156.65
484,2,218.32.252.66,80,1545517250,Malware,TCP,1026,2140,10.196.74.13
485,3,192.168.98.222,80,1546211771,Malware,TCP,0,0,192.168.37.10
486,2,8.8.8.8,53,1547203040,Adware,UDP,0,0,192.168.190.131
487,5,70.115.0.9,53,1547224217,Adware,UDP,0,856,10.0.11.7
488,2,10.200.105.201,53,1546529875,Malware,UDP,0,0,10.197.206.22
489,2,10.200.105.202,53,1545902367,Malware,UDP,0,0,10.200.43.110
490,2,10.200.105.200,53,1547297017,Malware,UDP,192,128,10.196.74.13
491,5,70.115.0.9,53,1546891123,Malware,UDP,0,0,10.0.11.13
492,2,8.8.8.8,53,1545911901,Malware,UDP,0,0,192.168.200.133
493,2,10.200.105.201,53,1547038925,Malware,UDP,0,0,10.195.206.15
494,2,8.8.8.8,53,1547124029,Adware,UDP,102,70,192.168.198.32
495,2,28.71.63.178,80,1547141813,Malware,TCP,0,335,10.197.88.25
496,2,204.134.112.241,80,1547296752,Malware,TCP,814,514,10.196.74.13
497,2,10.200.105.201,53,1546963335,Malware,UDP,666,228,10.197.78.21
498,2,10.200.105.202,53,1545902180,Malware,UDP,0,0,10.200.43.110
499,2,10.200.105.200,53,1547042810,Malware,UDP,188,92,10.196.88.39
500,2,10.200.105.200,53,1545422230,Malware,UDP,150,108,10.196.74.13
501,2,8.8.8.8,53,1547222844,Malware,UDP,0,0,192.168.172.53
502,2,215.126.127.231,80,1547043495,Malware,TCP,0,0,10.196.142.24
503,2,8.8.8.8,53,1546948209,Malware,UDP,0,74,192.168.192.116
504,2,10.200.105.200,53,1546178103,Malware,UDP,67,35,10.196.74.10
505,2,114.77.190.35,80,1547222844,Malware,TCP,0,0,192.168.172.53
506,2,40.201.191.165,80,1547210614,Malware,TCP,0,896,192.168.155.70
507,2,10.200.105.201,53,1547200087,Malware,UDP,0,0,10.196.78.57
508,2,10.200.105.201,53,1547219642,Malware,UDP,46,60,10.196.142.15
509,2,10.200.105.201,53,1545987082,Malware,UDP,0,0,10.195.202.15
510,3,8.8.8.8,53,1546383302,Malware,UDP,0,224,192.168.37.10
511,2,114.77.190.35,80,1547037560,Malware,TCP,550,522,192.168.178.74
512,2,222.58.204.12,80,1546618790,Malware,TCP,0,0,192.168.194.201
513,3,8.8.8.8,53,1546261725,Malware,UDP,0,0,192.168.37.10
514,2,8.8.8.8,53,1546509674,Malware,UDP,0,0,192.168.176.10
515,2,8.8.8.8,53,1546001130,Malware,UDP,0,0,192.168.252.156
516,2,10.200.105.200,53,1546524249,Malware,UDP,67,35,10.196.88.3
517,2,28.71.63.178,80,1545393223,Malware,TCP,735,740,10.197.88.40
518,2,10.200.105.201,53,1547221376,Malware,UDP,0,0,10.195.18.52
519,2,8.8.8.8,53,1546946212,Malware,UDP,0,48,192.168.162.186
520,2,8.8.8.8,53,1547133872,Malware,UDP,0,0,192.168.182.41
521,5,70.115.0.9,53,1546872840,Adware,UDP,0,635,10.0.11.13
522,2,8.8.8.8,53,1545670838,Malware,UDP,254,80,192.168.156.47
523,1,29.198.85.182,80,1547201948,Malware,TCP,8096,1106,200.75.192.252
524,2,10.200.105.200,53,1545622017,Malware,UDP,0,0,10.196.74.10
525,2,40.224.176.40,80,1547224468,Malware,TCP,3116,449,192.168.170.158
526,3,192.168.98.222,80,1546407379,Malware,TCP,0,0,192.168.37.10
527,2,10.200.105.200,53,1546545854,Malware,UDP,0,0,10.196.74.10
528,2,10.200.105.201,53,1547138199,Malware,UDP,0,0,10.200.43.20
529,2,10.200.105.202,53,1545402301,Malware,UDP,270,88,10.197.207.253
530,2,10.200.105.202,53,1545902306,Malware,UDP,0,0,10.200.43.110
531,2,8.8.8.8,53,1547113208,Malware,UDP,0,0,192.168.172.224
532,5,70.115.0.9,53,1545946666,Adware,UDP,0,370,10.0.11.7
533,2,222.58.206.76,80,1546536480,Malware,TCP,2644,5816,192.168.194.112
534,2,11.79.68.110,80,1546528737,Malware,TCP,1110,2088,192.168.252.164
535,2,212.189.218.209,80,1545512685,Malware,TCP,0,0,10.196.74.10
536,2,8.8.8.8,53,1545993731,Malware,UDP,0,0,192.168.162.60
537,2,10.200.105.201,53,1546356757,Malware,UDP,100,136,10.196.96.71
538,2,8.8.8.8,53,1546529103,Malware,UDP,0,0,192.168.190.38
539,2,10.200.105.201,53,1545920359,Malware,UDP,150,86,10.196.150.80
540,2,14.8.4.4,53,1547215130,Adware,UDP,0,0,192.168.198.11
541,2,114.77.190.35,80,1546872156,Malware,TCP,384,1264,192.168.146.42
542,2,214.91.196.46,80,1546534664,Malware,TCP,627,3248,10.200.44.150
543,5,70.115.0.9,53,1545922143,Malware,UDP,0,0,10.0.11.7
544,2,10.200.105.201,53,1547205266,Malware,UDP,0,0,10.195.208.27
545,2,8.8.8.8,53,1546606214,Malware,UDP,0,0,192.168.157.177
546,3,192.168.98.222,80,1546321308,Malware,TCP,0,0,192.168.37.10
547,2,10.200.105.202,53,1545902306,Malware,UDP,0,0,10.200.43.110
548,2,8.8.8.8,53,1546608218,Malware,UDP,0,0,192.168.164.70
549,2,8.8.8.8,53,1547124876,Malware,UDP,0,0,192.168.171.253
550,2,10.200.105.202,53,1545902246,Malware,UDP,0,0,10.200.43.110
551,2,8.8.8.8,53,1546864900,Malware,UDP,0,0,192.168.182.65
552,2,10.200.105.201,53,1546009055,Malware,UDP,92,62,10.197.202.28
